Business Name,Contact Person,Phone Number,Location,Google Rating,Review Count,Profile Claimed?,Google Maps URL,Lead Score,Priority,Social Presence,Web Search Verification,Source
UBUNTU RETREAT,,+91 97454 34444,,4.8,190,Unknown,https://www.google.com/maps/place/UBUNTU+RETREAT/data=!4m10!3m9!1s0x3ba8bd261a3e59eb:0xe3b9af7bbbe9af2a!5m2!4m1!1i2!8m2!3d11.4065312!4d76.6847082!16s%2Fg%2F11thfrlv_c!19sChIJ61k-Gia9qDsRKq_pu3uvueM?authuser=0&hl=en&rclk=1,93,Hot,social_media,no matching own-domain result in top results (checked 2x),Google Maps
Swarnabhoomi Resorts Bangalore,,+91 63641 57878,,4.5,153,Unknown,https://www.google.com/maps/place/Swarnabhoomi+Resorts+Bangalore/data=!4m10!3m9!1s0x3bae47086e1eccdb:0x186f782657d0ca94!5m2!4m1!1i2!8m2!3d12.8481626!4d77.6927813!16s%2Fg%2F11g1rm1jvp!19sChIJ28webghHrjsRlMrQVyZ4bxg?authuser=0&hl=en&rclk=1,73,Hot,none,no matching own-domain result in top results (checked 2x),Google Maps
Coorg Relax Home (ಕೂರ್ಗ್ ರಿಲಾಕ್ಸ್ ಹೋಂ),,+91 94497 59029,,4.5,251,Unknown,https://www.google.com/maps/place/Coorg+Relax+Home+%28%E0%B2%95%E0%B3%82%E0%B2%B0%E0%B3%8D%E0%B2%97%E0%B3%8D+%E0%B2%B0%E0%B2%BF%E0%B2%B2%E0%B2%BE%E0%B2%95%E0%B3%8D%E0%B2%B8%E0%B3%8D+%E0%B2%B9%E0%B3%8B%E0%B2%82%29/data=!4m10!3m9!1s0x3ba5aabad7cee171:0x3971b0689bc84831!5m2!4m1!1i2!8m2!3d12.4112777!4d75.7283667!16s%2Fg%2F11dzdh3d1s!19sChIJceHO17qqpTsRMUjIm2iwcTk?authuser=0&hl=en&rclk=1,73,Hot,none,no matching own-domain result in top results (checked 2x),Google Maps
Creekside Cabin,,+91 94484 22512,,4.6,264,Unknown,https://www.google.com/maps/place/Creekside+Cabin/data=!4m10!3m9!1s0x3ba4ffdadd8750c1:0xdbcf61b3f2bfb5b9!5m2!4m1!1i2!8m2!3d12.452937!4d75.7029647!16s%2Fg%2F11f3cy913g!19sChIJwVCH3dr_pDsRubW_8rNhz9s?authuser=0&hl=en&rclk=1,73,Hot,none,no matching own-domain result in top results (checked 2x),Google Maps
Kamadhenu Residency Home stay. Madikeri Coorg,,+91 70191 67892,,4.8,102,Unknown,https://www.google.com/maps/place/Kamadhenu+Residency+Home+stay.+Madikeri+Coorg/data=!4m10!3m9!1s0x3ba5abbfd2c62dc9:0x8b1eac0c87167468!5m2!4m1!1i2!8m2!3d12.4191974!4d75.7386211!16s%2Fg%2F11t1f5tvhr!19sChIJyS3G0r-rpTsRaHQWhwysHos?authuser=0&hl=en&rclk=1,73,Hot,none,no matching own-domain result in top results (checked 2x),Google Maps
Notting Hill,,+91 99400 52900,,4.6,174,Unknown,https://www.google.com/maps/place/Notting+Hill/data=!4m10!3m9!1s0x3ba5aaa13e979f71:0x35364a212b23714!5m2!4m1!1i2!8m2!3d12.4189259!4d75.7323666!16s%2Fg%2F11cnbx2gx0!19sChIJcZ-XPqGqpTsRFDeyEqJkUwM?authuser=0&hl=en&rclk=1,73,Hot,none,no matching own-domain result in top results (checked 2x),Google Maps
Bee hive homestay,,+91 95358 99537,,4.7,138,Unknown,https://www.google.com/maps/place/Bee+hive+homestay/data=!4m10!3m9!1s0x3ba5000f85c2e7cd:0x83f3797a263ee227!5m2!4m1!1i2!8m2!3d12.4313618!4d75.7262712!16s%2Fg%2F11dxkw8lz_!19sChIJzefChQ8ApTsRJ-I-Jnp584M?authuser=0&hl=en&rclk=1,73,Hot,none,no matching own-domain result in top results (checked 2x),Google Maps
Roy's Castle Coorg Homestay,,+91 94486 47198,,4.6,175,Unknown,https://www.google.com/maps/place/Roy%27s+Castle+Coorg+Homestay/data=!4m10!3m9!1s0x3ba50124f1d40db5:0x7b12ca25182f5fb9!5m2!4m1!1i2!8m2!3d12.442265!4d75.7568715!16s%2Fg%2F11fqsw03zy!19sChIJtQ3U8SQBpTsRuV8vGCXKEns?authuser=0&hl=en&rclk=1,73,Hot,none,no matching own-domain result in top results (checked 2x),Google Maps
Dream house home stay,,+91 94838 74701,,4.6,175,Unknown,https://www.google.com/maps/place/Dream+house+home+stay/data=!4m10!3m9!1s0x3ba50076e76a1621:0x1b120c6ca34146d8!5m2!4m1!1i2!8m2!3d12.4112997!4d75.7223248!16s%2Fg%2F11d_71001g!19sChIJIRZq53YApTsR2EZBo2wMEhs?authuser=0&hl=en&rclk=1,73,Hot,none,no matching own-domain result in top results (checked 2x),Google Maps
Chirpy Haven,,+91 98801 46792,,4.7,166,Unknown,https://www.google.com/maps/place/Chirpy+Haven/data=!4m10!3m9!1s0x3ba5aa84d8e3808f:0xc5e49ef02fef0216!5m2!4m1!1i2!8m2!3d12.415588!4d75.7497069!16s%2Fg%2F11bvv5g6tq!19sChIJj4Dj2ISqpTsRFgLvL_Ce5MU?authuser=0&hl=en&rclk=1,73,Hot,none,no matching own-domain result in top results (checked 2x),Google Maps
Karkera Comforts Coorg,,+91 98341 43351,,4.7,103,Unknown,https://www.google.com/maps/place/Karkera+Comforts+Coorg/data=!4m10!3m9!1s0x3ba5000efc608217:0x6e1661087cd3c234!5m2!4m1!1i2!8m2!3d12.4305357!4d75.728726!16s%2Fg%2F11f4wt9v06!19sChIJF4Jg_A4ApTsRNMLTfAhhFm4?authuser=0&hl=en&rclk=1,73,Hot,none,no matching own-domain result in top results (checked 2x),Google Maps
Eshwari inn Homestay,,+91 94483 25743,,4.7,228,Unknown,https://www.google.com/maps/place/Eshwari+inn+Homestay/data=!4m10!3m9!1s0x3ba50075f66c666d:0x416003088dfede69!5m2!4m1!1i2!8m2!3d12.4236148!4d75.7419405!16s%2Fg%2F11bx55ktmy!19sChIJbWZs9nUApTsRad7-jQgDYEE?authuser=0&hl=en&rclk=1,73,Hot,none,no matching own-domain result in top results (checked 2x),Google Maps
Wayanad Home Stay,,+91 79758 40830,,4.7,108,Unknown,https://www.google.com/maps/place/Wayanad+Home+Stay/data=!4m10!3m9!1s0x3ba60b59cbed05cd:0x93598e64d398839e!5m2!4m1!1i2!8m2!3d11.6781041!4d76.0868347!16s%2Fg%2F11qshlkm54!19sChIJzQXty1kLpjsRnoOY02SOWZM?authuser=0&hl=en&rclk=1,73,Hot,none,no comparable tokens in name,Google Maps
Hillway Resort,,+91 70252 41068,,4.6,116,Unknown,https://www.google.com/maps/place/Hillway+Resort/data=!4m10!3m9!1s0x3ba6738809249011:0xea4181c52eb2a77e!5m2!4m1!1i2!8m2!3d11.5485916!4d76.0465165!16s%2Fg%2F11ybtjdty2!19sChIJEZAkCYhzpjsRfqeyLsWBQeo?authuser=0&hl=en&rclk=1,73,Hot,none,no matching own-domain result in top results (checked 2x),Google Maps
Florence ooty,,+91 92073 79101,,4.5,279,Unknown,https://www.google.com/maps/place/Florence+ooty/data=!4m7!3m6!1s0x3ba897d656efa3c7:0xbbb0b9d44c95c8e1!8m2!3d11.3784319!4d76.6564747!16s%2Fg%2F11kj2brsy7!19sChIJx6PvVtaXqDsR4ciVTNS5sLs?authuser=0&hl=en&rclk=1,73,Hot,none,no matching own-domain result in top results (checked 2x),Google Maps
A Ooty Honey Huts,,+91 85085 99799,"Kandal Bridle Road, 88H Zero Cross, Arani House, Kotagiri Rd, near Botanical Garden",4.7,3838,Unknown,https://www.google.com/maps/place/A+Ooty+Honey+Huts/data=!4m7!3m6!1s0x3ba8bdee0cdd5ce5:0xa10b3b4bc9383a32!8m2!3d11.4145885!4d76.7168899!16s%2Fg%2F11c5b4nvlv!19sChIJ5VzdDO69qDsRMjo4yUs7C6E?authuser=0&hl=en&rclk=1,73,Hot,none,no matching own-domain result in top results (checked 2x),Google Maps
Coorg Treehouse,,+91 73383 70669,,4.3,383,Unknown,https://www.google.com/maps/place/Coorg+Treehouse/data=!4m10!3m9!1s0x3ba4ffac2cd811ab:0x82b8cfed84a290ca!5m2!4m1!1i2!8m2!3d12.459637!4d75.6759814!16s%2Fg%2F11f4lktp67!19sChIJqxHYLKz_pDsRypCihO3PuII?authuser=0&hl=en&rclk=1,68,Warm,none,search failed: ConnectError: ConnectError('error sending request for url (https://www.startpage.com/) > client error (Connect) > tcp connect error > Connection refused (os error 111)') (checked 2x),Google Maps
Mountain View Homestay,,+91 96114 77144,,4.1,105,Unknown,https://www.google.com/maps/place/Mountain+View+Homestay/data=!4m10!3m9!1s0x3ba5aa9c01225d25:0xf0cf1b4397dd6d1d!5m2!4m1!1i2!8m2!3d12.4048228!4d75.7329085!16s%2Fg%2F11cjj49rv6!19sChIJJV0iAZyqpTsRHW3dl0Mbz_A?authuser=0&hl=en&rclk=1,68,Warm,none,no matching own-domain result in top results (checked 2x),Google Maps
Chuppi Homestay,,+91 98450 89121,,4.2,208,Unknown,https://www.google.com/maps/place/Chuppi+Homestay/data=!4m10!3m9!1s0x3ba5000e169f144f:0x66ffc36cc59de1e9!5m2!4m1!1i2!8m2!3d12.4330577!4d75.7301336!16s%2Fg%2F11c58stgfq!19sChIJTxSfFg4ApTsR6eGdxWzD_2Y?authuser=0&hl=en&rclk=1,68,Warm,none,no matching own-domain result in top results (checked 2x),Google Maps
Coorg Tent house home stay,,+91 94484 06406,,4.4,153,Unknown,https://www.google.com/maps/place/Coorg+Tent+house+home+stay/data=!4m10!3m9!1s0x3ba500f9feeac491:0x589678ddc5405283!5m2!4m1!1i2!8m2!3d12.4491869!4d75.758881!16s%2Fg%2F11c76m5q5t!19sChIJkcTq_vkApTsRg1JAxd14llg?authuser=0&hl=en&rclk=1,68,Warm,none,no matching own-domain result in top results (checked 2x),Google Maps
Maithili Home Comforts,,+91 94484 22321,,4.3,119,Unknown,https://www.google.com/maps/place/Maithili+Home+Comforts/data=!4m10!3m9!1s0x3ba5000f16077089:0xdd7097b04ede0c84!5m2!4m1!1i2!8m2!3d12.4297219!4d75.7273817!16s%2Fg%2F11b6gryywc!19sChIJiXAHFg8ApTsRhAzeTrCXcN0?authuser=0&hl=en&rclk=1,68,Warm,none,no matching own-domain result in top results (checked 2x),Google Maps
Daswal B&B Hotel,,+91 82722 21743,,4.0,174,Unknown,https://www.google.com/maps/place/Daswal+B%26B+Hotel/data=!4m10!3m9!1s0x3ba500750269ee59:0x54d8e7d0b35079ed!5m2!4m1!1i2!8m2!3d12.4260364!4d75.7395758!16s%2Fg%2F11c0qvnq94!19sChIJWe5pAnUApTsR7XlQs9Dn2FQ?authuser=0&hl=en&rclk=1,68,Warm,none,no matching own-domain result in top results (checked 2x),Google Maps
Manjushreehomestaycoorg,,+91 91130 45450,,4.0,122,Unknown,https://www.google.com/maps/place/Manjushreehomestaycoorg/data=!4m10!3m9!1s0x3ba5aaa33cff7c3b:0xa271634fa1ea98c!5m2!4m1!1i2!8m2!3d12.4101875!4d75.7326875!16s%2Fg%2F11f04ntpvb!19sChIJO3z_PKOqpTsRjKke-jQWJwo?authuser=0&hl=en&rclk=1,68,Warm,none,no matching own-domain result in top results (checked 2x),Google Maps
Mountain Pond Resort,,+91 75107 87272,,4.4,398,Unknown,https://www.google.com/maps/place/Mountain+Pond+Resort/data=!4m10!3m9!1s0x3ba5e19dac4e3c4b:0x83e3545ba2717c07!5m2!4m1!1i2!8m2!3d11.702199!4d76.0219405!16s%2Fg%2F11tjl_ncgb!19sChIJSzxOrJ3hpTsRB3xxoltU44M?authuser=0&hl=en&rclk=1,68,Warm,none,no matching own-domain result in top results (checked 2x),Google Maps
Snowdrops Ooty,,+91 85258 85148,Unnamed Road,4.4,247,Unknown,https://www.google.com/maps/place/Snowdrops+Ooty/data=!4m7!3m6!1s0x3ba8963c59ff7103:0xf590f5c35466d028!8m2!3d11.3888469!4d76.7079183!16s%2Fg%2F11gbxfw890!19sChIJA3H_WTyWqDsRKNBmVMP1kPU?authuser=0&hl=en&rclk=1,68,Warm,none,no matching own-domain result in top results (checked 2x),Google Maps
Cherry Blossom,,+91 90801 30180,,4.1,232,Unknown,https://www.google.com/maps/place/Cherry+Blossom/data=!4m10!3m9!1s0x3ba8bd5401a35dfd:0xb5629547e29d7dc8!5m2!4m1!1i2!8m2!3d11.4108308!4d76.6978674!16s%2Fg%2F11f5q7x0v4!19sChIJ_V2jAVS9qDsRyH2d4keVYrU?authuser=0&hl=en&rclk=1,68,Warm,none,no matching own-domain result in top results (checked 2x),Google Maps
Greenyards Cottages,,+91 89033 31339,,4.0,607,Unknown,https://www.google.com/maps/place/Greenyards+Cottages/data=!4m10!3m9!1s0x3ba8bdedc5a14209:0x96202d7bcaa0d3b8!5m2!4m1!1i2!8m2!3d11.4148613!4d76.7156813!16s%2Fg%2F11c5099pqy!19sChIJCUKhxe29qDsRuNOgynstIJY?authuser=0&hl=en&rclk=1,68,Warm,none,no matching own-domain result in top results (checked 2x),Google Maps
AURORA LIGHT RESIDENCY,,+91 94430 42553,,4.0,406,Unknown,https://www.google.com/maps/place/AURORA+LIGHT+RESIDENCY/data=!4m10!3m9!1s0x3ba8bdf57868e43f:0x5bd6cfc0eff14a9f!5m2!4m1!1i2!8m2!3d11.4022976!4d76.7133636!16s%2Fg%2F11b61rx7bk!19sChIJP-RoePW9qDsRn0rx78DP1ls?authuser=0&hl=en&rclk=1,68,Warm,none,no matching own-domain result in top results (checked 2x),Google Maps
Mist Luxury Resort,,+91 91944 60911,"3rd Curve, Hobart Enclave Near Royal Castle, Hobart Rd",4.1,172,Unknown,https://www.google.com/maps/place/Mist+Luxury+Resort/data=!4m7!3m6!1s0x3ba89618f19ed31b:0xc8289a18b80a81c4!8m2!3d11.3939532!4d76.7124442!16s%2Fg%2F11c6y_l2rl!19sChIJG9Oe8RiWqDsRxIEKuBiaKMg?authuser=0&hl=en&rclk=1,68,Warm,none,no matching own-domain result in top results (checked 2x),Google Maps
Maple view resorts,,+91 97873 06274,,4.2,183,Unknown,https://www.google.com/maps/place/Maple+view+resorts/data=!4m10!3m9!1s0x3ba8963cfd417715:0x7825fc289da64e7d!5m2!4m1!1i2!8m2!3d11.3882814!4d76.7076242!16s%2Fg%2F11cn7x3m78!19sChIJFXdB_TyWqDsRfU6mnSj8JXg?authuser=0&hl=en&rclk=1,68,Warm,none,no matching own-domain result in top results (checked 2x),Google Maps
Albisville-hilltop mansions,,+91 90618 86885,,4.2,252,Unknown,https://www.google.com/maps/place/Albisville-hilltop+mansions/data=!4m10!3m9!1s0x3ba8976a6e981229:0xd2f48f12250ade08!5m2!4m1!1i2!8m2!3d11.3950833!4d76.6977736!16s%2Fg%2F11f5_hxpmz!19sChIJKRKYbmqXqDsRCN4KJRKP9NI?authuser=0&hl=en&rclk=1,68,Warm,none,no matching own-domain result in top results (checked 2x),Google Maps
GRAND UB RESIDENCY,,+91 99953 09916,,4.8,42,Unknown,https://www.google.com/maps/place/GRAND+UB+RESIDENCY/data=!4m10!3m9!1s0x3bae15183de95959:0x7ae8a1d17256a1b8!5m2!4m1!1i2!8m2!3d12.9251609!4d77.615879!16s%2Fg%2F11msld4z70!19sChIJWVnpPRgVrjsRuKFWctGh6Ho?authuser=0&hl=en&rclk=1,63,Warm,none,no matching own-domain result in top results (checked 2x),Google Maps
Ganesh Estate Homestay,,+91 73537 14416,,3.9,237,Unknown,https://www.google.com/maps/place/Ganesh+Estate+Homestay/data=!4m10!3m9!1s0x3ba5ab1d4740dfa3:0x7e35c3485274e971!5m2!4m1!1i2!8m2!3d12.4046164!4d75.7419562!16s%2Fg%2F1hm3y8vwm!19sChIJo99ARx2rpTsRcel0UkjDNX4?authuser=0&hl=en&rclk=1,63,Warm,none,no matching own-domain result in top results (checked 2x),Google Maps
grace view,,+91 96639 73477,,4.5,74,Unknown,https://www.google.com/maps/place/grace+view/data=!4m10!3m9!1s0x3ba5aaa3e4f6fadb:0xb545eb0537f96be2!5m2!4m1!1i2!8m2!3d12.4168766!4d75.7322288!16s%2Fg%2F11cr_5ggtv!19sChIJ2_r25KOqpTsR4mv5NwXrRbU?authuser=0&hl=en&rclk=1,63,Warm,none,no matching own-domain result in top results (checked 2x),Google Maps
Dharani Homestay,,+91 94483 03653,,4.8,91,Unknown,https://www.google.com/maps/place/Dharani+Homestay/data=!4m10!3m9!1s0x3ba5ab2188e21435:0x4e866c7c6fca0b3e!5m2!4m1!1i2!8m2!3d12.4106193!4d75.7335157!16s%2Fg%2F11f776lv2v!19sChIJNRTiiCGrpTsRPgvKb3xshk4?authuser=0&hl=en&rclk=1,63,Warm,none,no matching own-domain result in top results (checked 2x),Google Maps
Hotel New Rajdarshan,,+91 77600 37767,,3.7,490,Unknown,https://www.google.com/maps/place/Hotel+New+Rajdarshan/data=!4m10!3m9!1s0x3ba5aa9896fc45ed:0xa9bba9fd8e1077f1!5m2!4m1!1i2!8m2!3d12.4156971!4d75.7377539!16s%2Fg%2F1td2kxtq!19sChIJ7UX8lpiqpTsR8XcQjv2pu6k?authuser=0&hl=en&rclk=1,63,Warm,none,no matching own-domain result in top results (checked 2x),Google Maps
New Hill Valley,,+91 99002 45600,,4.2,121,No,https://www.google.com/maps/place/New+Hill+Valley/data=!4m10!3m9!1s0x3ba5aa9ae87edaad:0xf3ac3731a9ed68ae!5m2!4m1!1i2!8m2!3d12.4135817!4d75.7478187!16s%2Fg%2F1th7lb7p!19sChIJrdp-6JqqpTsRrmjtqTE3rPM?authuser=0&hl=en&rclk=1,63,Warm,none,no matching own-domain result in top results (checked 2x),Google Maps
OYO 6556 Ramra Stay,,+91 124 620 1327,,4.3,93,Unknown,https://www.google.com/maps/place/OYO+6556+Ramra+Stay/data=!4m10!3m9!1s0x3ba500060386cac3:0x14741bacf7bb761a!5m2!4m1!1i2!8m2!3d12.4276432!4d75.7251723!16s%2Fg%2F11c486tk1d!19sChIJw8qGAwYApTsRGna796wbdBQ?authuser=0&hl=en&rclk=1,63,Warm,directory_or_aggregator,no matching own-domain result in top results (checked 2x),Google Maps
sabaoth stays,,+91 78929 82399,,5.0,41,Unknown,https://www.google.com/maps/place/sabaoth+stays/data=!4m10!3m9!1s0x3ba5012ccbd9e327:0x2fc7b7947f992d47!5m2!4m1!1i2!8m2!3d12.4282632!4d75.7236024!16s%2Fg%2F11yh3rx04x!19sChIJJ-PZyywBpTsRRy2Zf5S3xy8?authuser=0&hl=en&rclk=1,63,Warm,none,no matching own-domain result in top results (checked 2x),Google Maps
Ajantha,,+91 80880 04755,,4.7,81,Unknown,https://www.google.com/maps/place/Ajantha/data=!4m10!3m9!1s0x3ba5000b3db3036d:0x4ccf34d727087929!5m2!4m1!1i2!8m2!3d12.4261394!4d75.7263504!16s%2Fg%2F11bbwqnslp!19sChIJbQOzPQsApTsRKXkIJ9c0z0w?authuser=0&hl=en&rclk=1,63,Warm,none,no matching own-domain result in top results (checked 2x),Google Maps
Green Mountain Villa,,+91 90870 66488,,4.7,62,Unknown,https://www.google.com/maps/place/Green+Mountain+Villa/data=!4m10!3m9!1s0x3ba8bddfeae1adf3:0xfafb68a97f994af8!5m2!4m1!1i2!8m2!3d11.4138152!4d76.6910525!16s%2Fg%2F11x_cqmx8x!19sChIJ863h6t-9qDsR-EqZf6lo-_o?authuser=0&hl=en&rclk=1,63,Warm,none,no matching own-domain result in top results (checked 2x),Google Maps
Natures Retreat Resort Ooty,,+91 78250 51515,HPF GUEST HOUSE,3.7,116,Unknown,https://www.google.com/maps/place/Natures+Retreat+Resort+Ooty/data=!4m7!3m6!1s0x3ba8bd9e48c83289:0x2176ed46a6b88e6f!8m2!3d11.4295186!4d76.6701134!16s%2Fg%2F11stst_44r!19sChIJiTLISJ69qDsRb464pkbtdiE?authuser=0&hl=en&rclk=1,63,Warm,none,no matching own-domain result in top results (checked 2x),Google Maps
Skyblue Resort,,+91 94477 95491,,3.8,115,Unknown,https://www.google.com/maps/place/Skyblue+Resort/data=!4m10!3m9!1s0x3ba8bd7d2e80ac71:0x50886ac478c53878!5m2!4m1!1i2!8m2!3d11.4024724!4d76.6766219!16s%2Fg%2F11f2wf18lq!19sChIJcayALn29qDsReDjFeMRqiFA?authuser=0&hl=en&rclk=1,63,Warm,none,no matching own-domain result in top results (checked 2x),Google Maps
Kanva Star Resorts,,+91 98450 28063,,3.8,2402,No,https://www.google.com/maps/place/Kanva+Star+Resorts/data=!4m10!3m9!1s0x3bae6ae1d01d2223:0x121532aa278203fc!5m2!4m1!1i2!8m2!3d12.8515009!4d77.6058727!16s%2Fg%2F1thkq3xh!19sChIJIyId0OFqrjsR_AOCJ6oyFRI?authuser=0&hl=en&rclk=1,58,Warm,none,no matching own-domain result in top results (checked 2x),Google Maps
Euro Valley Homestay,,+91 94485 04653,,4.4,84,Unknown,https://www.google.com/maps/place/Euro+Valley+Homestay/data=!4m10!3m9!1s0x3ba4fff71401a5db:0x7ee5497fc61dede!5m2!4m1!1i2!8m2!3d12.42509!4d75.70045!16s%2Fg%2F11b7q8j6jz!19sChIJ26UBFPf_pDsR3t5h_JdU7gc?authuser=0&hl=en&rclk=1,58,Warm,none,no matching own-domain result in top results (checked 2x),Google Maps
Hill view home stay,,+91 70261 92435,,4.4,34,Unknown,https://www.google.com/maps/place/Hill+view+home+stay/data=!4m10!3m9!1s0x3ba5007a6b8a3ed7:0x96d3c96378b7b75b!5m2!4m1!1i2!8m2!3d12.4310538!4d75.7498295!16s%2Fg%2F11dzzztlsm!19sChIJ1z6Ka3oApTsRW7e3eGPJ05Y?authuser=0&hl=en&rclk=1,58,Warm,none,no matching own-domain result in top results (checked 2x),Google Maps
Roshan Homestay,,+91 94838 26003,,4.4,42,Unknown,https://www.google.com/maps/place/Roshan+Homestay/data=!4m10!3m9!1s0x3ba5007833984afb:0xc58e183d136f83ac!5m2!4m1!1i2!8m2!3d12.4265151!4d75.7497866!16s%2Fg%2F1q62jk1s1!19sChIJ-0qYM3gApTsRrINvEz0YjsU?authuser=0&hl=en&rclk=1,58,Warm,none,no matching own-domain result in top results (checked 2x),Google Maps
J R Mist Valley Inn,,+91 99651 04600,,3.4,185,Unknown,https://www.google.com/maps/place/J+R+Mist+Valley+Inn/data=!4m10!3m9!1s0x3ba8bdbbfeacf08b:0x3ba4a89ff8eb41b6!5m2!4m1!1i2!8m2!3d11.4294593!4d76.7044388!16s%2Fg%2F11c59s4421!19sChIJi_Cs_ru9qDsRtkHr-J-opDs?authuser=0&hl=en&rclk=1,58,Warm,none,no matching own-domain result in top results (checked 2x),Google Maps
Jevis Daffodils rooms and cottage,,+91 97869 70446,,4.2,83,Unknown,https://www.google.com/maps/place/Jevis+Daffodils+rooms+and+cottage/data=!4m10!3m9!1s0x3ba8bd506b9a31f7:0x2feb55a2c9b48861!5m2!4m1!1i2!8m2!3d11.4034002!4d76.7046777!16s%2Fg%2F11frnhkxqf!19sChIJ9zGaa1C9qDsRYYi0yaJV6y8?authuser=0&hl=en&rclk=1,58,Warm,none,no matching own-domain result in top results (checked 2x),Google Maps
Coorg City Stay,,+91 90353 72475,,3.7,51,Unknown,https://www.google.com/maps/place/Coorg+City+Stay/data=!4m10!3m9!1s0x3ba5000bc1af4a41:0x236dfc17ed92c703!5m2!4m1!1i2!8m2!3d12.4265805!4d75.7326176!16s%2Fg%2F11b73n_1t3!19sChIJQUqvwQsApTsRA8eS7Rf8bSM?authuser=0&hl=en&rclk=1,53,Warm,none,no matching own-domain result in top results (checked 2x),Google Maps
Silver Dollar Resorts,,+91 97874 97435,"10/260 Annai Indra Nagar, Ooty Main Road, Coimbatore-Ooty-Gundlupet Hwy",3.9,73,Unknown,https://www.google.com/maps/place/Silver+Dollar+Resorts/data=!4m7!3m6!1s0x3ba895c12fd81361:0x9be3bcc3ba65bf!8m2!3d11.3764038!4d76.7531343!16s%2Fg%2F11c5xfy38_!19sChIJYRPYL8GVqDsRv2W6w7zjmwA?authuser=0&hl=en&rclk=1,53,Warm,none,no matching own-domain result in top results (checked 2x),Google Maps
White House Villa Madikeri,,+91 78927 69210,,4.9,11,Unknown,https://www.google.com/maps/place/White+House+Villa+Madikeri/data=!4m10!3m9!1s0x3ba501a994ed8371:0x3ce444194571ac1f!5m2!4m1!1i2!8m2!3d12.4279671!4d75.7206641!16s%2Fg%2F11y8kqs03h!19sChIJcYPtlKkBpTsRH6xxRRlE5Dw?authuser=0&hl=en&rclk=1,48,Warm,none,no matching own-domain result in top results (checked 2x),Google Maps
Amma Holidays inn,,+91 94817 72856,,3.6,61,No,https://www.google.com/maps/place/Amma+Holidays+inn/data=!4m10!3m9!1s0x3ba5007215ef8961:0xc6fd22630a999bab!5m2!4m1!1i2!8m2!3d12.433218!4d75.7417294!16s%2Fg%2F11b7j3xtfx!19sChIJYYnvFXIApTsRq5uZCmMi_cY?authuser=0&hl=en&rclk=1,48,Warm,none,no matching own-domain result in top results (checked 2x),Google Maps
RIYAN VALLEY RESORT,,+91 88380 57237,"Fun City, 733/31B, Coonoor Rd",4.2,14,Unknown,https://www.google.com/maps/place/RIYAN+VALLEY+RESORT/data=!4m7!3m6!1s0x3ba897eb24bc1021:0xaa0d8e45d562fd68!8m2!3d11.3982141!4d76.7208367!16s%2Fg%2F11z7cs2bsc!19sChIJIRC8JOuXqDsRaP1i1UWODao?authuser=0&hl=en&rclk=1,43,Warm,none,no matching own-domain result in top results (checked 2x),Google Maps
the coorg silveroak estate homestay,,+91 91485 17954,,4.0,20,No,https://www.google.com/maps/place/the+coorg+silveroak+estate+homestay/data=!4m10!3m9!1s0x3ba50073eea9d26f:0xb0329c54ad71b065!5m2!4m1!1i2!8m2!3d12.430054!4d75.741876!16s%2Fg%2F11f4wt5s8x!19sChIJb9Kp7nMApTsRZbBxrVScMrA?authuser=0&hl=en&rclk=1,38,Cold,none,no matching own-domain result in top results (checked 2x),Google Maps
Viharana Spa and Resorts,,+91 94424 04788,,5.0,2,Unknown,https://www.google.com/maps/place/Viharana+Spa+and+Resorts/data=!4m10!3m9!1s0x3ba8bd2fd81df4b9:0x88076830c5569654!5m2!4m1!1i2!8m2!3d11.4691186!4d76.6985442!16s%2Fg%2F11w9q2g6qs!19sChIJufQd2C-9qDsRVJZWxTBoB4g?authuser=0&hl=en&rclk=1,38,Cold,none,no matching own-domain result in top results (checked 2x),Google Maps
Rest Inn Home Stay,,+91 9449254990,Beeruga Road Kurchi Village,0.0,0,Unknown,,23,Cold,none,no matching own-domain result in top results (checked 2x),OpenStreetMap
Templetree Homestay,,00918274244270,77 Devagundi Estate,0.0,0,Unknown,,23,Cold,none,no matching own-domain result in top results (checked 2x),OpenStreetMap
Igloo Residency,,+91 97452 00055,,0.0,0,Unknown,,23,Cold,none,no matching own-domain result in top results (checked 2x),OpenStreetMap
Grass Roots,,+91- 8884733500,Koilery Kunnu via Pinangode Pozhuthana Pozhuthana,0.0,0,Unknown,,23,Cold,none,no matching own-domain result in top results (checked 2x),OpenStreetMap
