Business Name,Contact Person,Phone Number,Location,Google Rating,Review Count,Profile Claimed?,Google Maps URL,Website URL,Source
O'Naturals (Natural Hair Salon),,+234 818 802 4444,54 Ogudu Road 1st Floor Stanbic IBTC Bank Building just after NNPC Petrol Station,4.4,326,Unknown,https://www.google.com/maps/place/O%27Naturals+%28Natural+Hair+Salon%29/data=!4m7!3m6!1s0x103b928b6fc12275:0x5b9579c276ab035!8m2!3d6.5864401!4d3.3834792!16s%2Fg%2F1yg4d0p2p!19sChIJdSLBb4uSOxARNbBqJ5xXuQU?authuser=0&hl=en&rclk=1,http://www.onaturalsbeauty.com.ng/,Google Maps
Tee trends Makeover and Salon,,+234 702 524 1605,"22 Ogundana St, off Allen Avenue",4.9,731,Unknown,https://www.google.com/maps/place/Tee+trends+Makeover+and+Salon/data=!4m7!3m6!1s0x103b930eb9c58201:0xa2b11a8a35da1768!8m2!3d6.6025418!4d3.355258!16s%2Fg%2F11qpvkns52!19sChIJAYLFuQ6TOxARaBfaNYoasaI?authuser=0&hl=en&rclk=1,https://teetrendsmakeovers.com/,Google Maps
The Braiding Vault Signature,,+234 816 978 8625,7/12 Rumens Rd,4.7,108,Unknown,https://www.google.com/maps/place/The+Braiding+Vault+Signature/data=!4m7!3m6!1s0x103bf508e7e168c5:0x396c6f8ca7e5e216!8m2!3d6.4479143!4d3.4302576!16s%2Fg%2F11mx79x_pt!19sChIJxWjh5wj1OxARFuLlp4xvbDk?authuser=0&hl=en&rclk=1,https://thebraidingvault.com/tbv-lagos/,Google Maps
TCP EMPIRE | Hair salon in Ikeja | Salons in Ikeja | Nail in Ikeja |Braid in Ikeja,,+234 810 624 3971,"9 Ogundana St, off allen",5.0,425,Unknown,https://www.google.com/maps/place/TCP+EMPIRE+%7C+Hair+salon+in+Ikeja+%7C+Salons+in+Ikeja+%7C+Nail+in+Ikeja+%7CBraid+in+Ikeja/data=!4m7!3m6!1s0x103b930acc257499:0x785f156b22ff683d!8m2!3d6.6015554!4d3.3530412!16s%2Fg%2F11q_5spc_b!19sChIJmXQlzAqTOxARPWj_ImsVX3g?authuser=0&hl=en&rclk=1,https://www.tcpempire.com/home,Google Maps
HHC Haekhinz Hair Culture,,+234 913 448 8284,"4b Ado Ibrahim St, off Montgomery Road",4.5,75,Unknown,https://www.google.com/maps/place/HHC+Haekhinz+Hair+Culture/data=!4m7!3m6!1s0x103b8db922572dbf:0xa5b342bf35569a36!8m2!3d6.5085875!4d3.3761966!16s%2Fg%2F11kmbwqf5w!19sChIJvy1XIrmNOxARNppWNb9Cs6U?authuser=0&hl=en&rclk=1,https://app.withsplice.com/s/hhc_haekhinzhairculture,Google Maps
Tasala HQ Hair and Beauty Salon,,+234 706 350 9207,130B Association Rd,4.1,154,Unknown,https://www.google.com/maps/place/Tasala+HQ+Hair+and+Beauty+Salon/data=!4m7!3m6!1s0x103bf58254a698eb:0x64c30cab7af3a935!8m2!3d6.4581407!4d3.4183466!16s%2Fg%2F11gsdqv0x1!19sChIJ65imVIL1OxARNanzeqsMw2Q?authuser=0&hl=en&rclk=1,http://www.tasalahq.com/,Google Maps
Johnnys Salon & Spa,,+234 808 080 8805,"Johnny Salon and Spa, Mega Plaza Mall, 14 Idowu Martins St, off Adeola Odeku Street",4.9,360,Unknown,https://www.google.com/maps/place/Johnnys+Salon+%26+Spa/data=!4m7!3m6!1s0x103bf52ca690c031:0x3312772fdb6f25cb!8m2!3d6.4332807!4d3.4204101!16s%2Fg%2F11c5r5m216!19sChIJMcCQpiz1OxARyyVv2y93EjM?authuser=0&hl=en&rclk=1,http://www.johnnysalon.com/,Google Maps
Boss Girl Hair Salon & Spa Lekki,,+234 703 988 9845,"21 Ayinde Akinmade St, off Admiralty Way",4.9,121,Unknown,https://www.google.com/maps/place/Boss+Girl+Hair+Salon+%26+Spa+Lekki/data=!4m7!3m6!1s0x103bf5ddf7c0c0f3:0xee431a31141156a9!8m2!3d6.4458059!4d3.4812647!16s%2Fg%2F11vm6tntnt!19sChIJ88DA9931OxARqVYRFDEaQ-4?authuser=0&hl=en&rclk=1,https://www.fresha.com/a/boss-girl-hair-lagos-5-fola-osibo-road-t70fbbrr?preview=458ce6a8-7556-4af5-9c01-1835cf33b9a6&pId=732988,Google Maps
JMAX beautysalon,,+234 808 507 7963,"2 Oriyomi St, off Toyin Street",4.8,127,Unknown,https://www.google.com/maps/place/JMAX+beautysalon/data=!4m7!3m6!1s0x103b93547f53bdd9:0x51065aa8fea97091!8m2!3d6.5961804!4d3.3423356!16s%2Fg%2F11h_4tqv4g!19sChIJ2b1Tf1STOxARkXCp_qhaBlE?authuser=0&hl=en&rclk=1,https://shorturl.at/p3Z5b,Google Maps
Mods Salon,,+234 807 707 7771,"Ground Floor, Brasas'r Place, 69 Admiralty Wy",4.1,270,Unknown,https://www.google.com/maps/place/Mods+Salon/data=!4m7!3m6!1s0x103bf44f3e877871:0xf9e05840a072465b!8m2!3d6.4476327!4d3.4722576!16s%2Fg%2F11c5t0sxgj!19sChIJcXiHPk_0OxARW0ZyoEBY4Pk?authuser=0&hl=en&rclk=1,https://modssalon.com.ng/,Google Maps
TAUPE Salon,,+234 902 331 7550,"SLEEK STUDIO SQUARE, 133 Ahmadu Bello Wy",4.7,64,Unknown,https://www.google.com/maps/place/TAUPE+Salon/data=!4m7!3m6!1s0x103b8b8f882b7c9b:0x2853e7a6b6008d11!8m2!3d6.4282969!4d3.4092186!16s%2Fg%2F11fl0fgrzd!19sChIJm3wriI-LOxAREY0AtqbnUyg?authuser=0&hl=en&rclk=1,http://www.taupesalon.com/,Google Maps
THEHAIRCARETAKERS BEAUTY SALON... NATURAL HAIR SALON,,+234 809 396 5445,433 Herbert Macaulay Wy,4.9,47,Unknown,https://www.google.com/maps/place/THEHAIRCARETAKERS+BEAUTY+SALON...+NATURAL+HAIR+SALON/data=!4m7!3m6!1s0x103b8d6b939bb563:0x4c1d0130e5437128!8m2!3d6.515414!4d3.375389!16s%2Fg%2F11smkbb4rc!19sChIJY7Wbk2uNOxARKHFD5TABHUw?authuser=0&hl=en&rclk=1,http://www.thehaircaretakers.com/,Google Maps
KiQwins Experience,,+234 904 955 9564,6 Idumobi St,4.7,49,Unknown,https://www.google.com/maps/place/KiQwins+Experience/data=!4m7!3m6!1s0x103b93ce74e0a8b9:0xd3b8634383cce92!8m2!3d6.5755405!4d3.3755627!16s%2Fg%2F11qsd807j4!19sChIJuajgdM6TOxARks48ODSGOw0?authuser=0&hl=en&rclk=1,https://book.withsplice.com/kiqwinsexperience,Google Maps
Kutie's Beauty Lounge,,+234 812 441 6681,"Deeper Life Church, First floor, 8 Ajayi Aina Street, Ifako, opposite Gate A4 of",4.5,159,Unknown,https://www.google.com/maps/place/Kutie%27s+Beauty+Lounge/data=!4m7!3m6!1s0x103b8d655229156b:0xfc4c5ddd3542c5b0!8m2!3d6.556244!4d3.389315!16s%2Fg%2F11f3hj75mj!19sChIJaxUpUmWNOxARsMVCNd1dTPw?authuser=0&hl=en&rclk=1,https://amsbeautylounge.clients.site/,Google Maps
REFLEX SALON,,+234 903 268 7235,12 Adeyinka Osijo St,4.9,147,Unknown,https://www.google.com/maps/place/REFLEX+SALON/data=!4m7!3m6!1s0x103b8d9558934d49:0x4617c492cf74af93!8m2!3d6.5253015!4d3.3870841!16s%2Fg%2F11fnp_8p02!19sChIJSU2TWJWNOxARk690z5LEF0Y?authuser=0&hl=en&rclk=1,https://form.jotform.com/232425491368561,Google Maps
Hair by TMS Lekki,,+234 913 771 6736,4B Oyibo Adjarho St,4.8,177,Unknown,https://www.google.com/maps/place/Hair+by+TMS+Lekki/data=!4m7!3m6!1s0x103bf5fd75204b71:0x8ee7af850e77407c!8m2!3d6.4470394!4d3.4804495!16s%2Fg%2F11h8b58h54!19sChIJcUsgdf31OxARfEB3DoWv544?authuser=0&hl=en&rclk=1,http://www.hairbytms.com/,Google Maps
Eldorado Salon & Spa,,+234 814 221 1033,"GRA Zone, Ijaiye Housing Estate, Off Oba Ogunji Rd",4.5,128,Unknown,https://www.google.com/maps/place/Eldorado+Salon+%26+Spa/data=!4m7!3m6!1s0x103b918bf03f5725:0xe09786a015edfb69!8m2!3d6.6330469!4d3.3320768!16s%2Fg%2F11h1hs_q5q!19sChIJJVc_8IuROxARafvtFaCGl-A?authuser=0&hl=en&rclk=1,https://eldorado-salon-spa.vercel.app/,Google Maps
KLS Natural Beauty Bar,,+234 903 987 1925,29C Ikorodu Cres,4.4,54,Unknown,https://www.google.com/maps/place/KLS+Natural+Beauty+Bar/data=!4m7!3m6!1s0x103b8b34c409f493:0x7980162c2b49d771!8m2!3d6.4566192!4d3.4188184!16s%2Fg%2F11fkmyy_zx!19sChIJk_QJxDSLOxARcddJKywWgHk?authuser=0&hl=en&rclk=1,http://klsnaturals.com/,Google Maps
"BeaTheStylist Beauty Salon | Hair, Makeup & Nails in Ikeja",,+234 706 355 7355,15 Amore Street,4.9,94,Unknown,"https://www.google.com/maps/place/BeaTheStylist+Beauty+Salon+%7C+Hair,+Makeup+%26+Nails+in+Ikeja/data=!4m7!3m6!1s0x103b93ebaa7ce45f:0x988aac49aba50bc7!8m2!3d6.5973595!4d3.3491336!16s%2Fg%2F11flm9m139!19sChIJX-R8quuTOxARxwulq0msipg?authuser=0&hl=en&rclk=1",https://beathestylist.com.ng/beauty-salon-services-in-lagos/,Google Maps
"Olajire Accord Beauty|Best short hair salon in Lagos|Pixie cut Salon in Lagos|Hair Salon in Lagos, Nigeria|Best in the world",,+234 802 309 3644,13 Bishop St,4.5,194,Unknown,"https://www.google.com/maps/place/Olajire+Accord+Beauty%7CBest+short+hair+salon+in+Lagos%7CPixie+cut+Salon+in+Lagos%7CHair+Salon+in+Lagos,+Nigeria%7CBest+in+the+world/data=!4m7!3m6!1s0x10441ad0048c08d9:0x10d27370f254fda9!8m2!3d6.5521914!4d3.3599399!16s%2Fg%2F11b6swrhqb!19sChIJ2QiMBNAaRBARqf1U8nBz0hA?authuser=0&hl=en&rclk=1",https://olajireaccordbeautysalon.com/,Google Maps
Havana Unisex Salon and Spa || Best Salon in Ago Iwoye,,+234 704 073 3706,185 Ago Palace Way,4.9,25,Unknown,https://www.google.com/maps/place/Havana+Unisex+Salon+and+Spa+%7C%7C+Best+Salon+in+Ago+Iwoye/data=!4m7!3m6!1s0x103b8fdfffc0891d:0x8ced4f2709239bfa!8m2!3d6.4938633!4d3.2984713!16s%2Fg%2F11yq8qt_c0!19sChIJHYnA_9-POxAR-psjCSdP7Yw?authuser=0&hl=en&rclk=1,https://havanaunisex.netlify.app/,Google Maps
KHEZILE HAIR AND BEAUTY,,+234 916 902 2642,"Shangisha, 11 Alh. Aromolate street",4.9,63,Unknown,https://www.google.com/maps/place/KHEZILE+HAIR+AND+BEAUTY/data=!4m7!3m6!1s0x103b93b20ae0517b:0x178b130d0a6d5ebc!8m2!3d6.6107533!4d3.3746179!16s%2Fg%2F11h31w68bl!19sChIJe1HgCrKTOxARvF5tCg0Tixc?authuser=0&hl=en&rclk=1,https://www.fresha.com/book-now/khezile-unisex-salon-hair-beauty-cn1pw6hd/all-offer?id=890234&pId=837829,Google Maps
"Bisola Hair | Oriental Hotel Premium Salon, Victoria Island, Lekki, Frontal Install Buy Luxury Wigs, Wash, Style, Braids",,+234 817 777 7435,"Lagos Oriental Hotel, 3 Lekki - Epe Expy",5.0,225,Unknown,"https://www.google.com/maps/place/Bisola+Hair+%7C+Oriental+Hotel+Premium+Salon,+Victoria+Island,+Lekki,+Frontal+Install+Buy+Luxury+Wigs,+Wash,+Style,+Braids/data=!4m7!3m6!1s0x103b8bcbc05c38b5:0x6ebc482ad24897fb!8m2!3d6.4358141!4d3.4446785!16s%2Fg%2F11j3pmh71_!19sChIJtThcwMuLOxAR-5dI0ipIvG4?authuser=0&hl=en&rclk=1",http://www.bisolahair.com/,Google Maps
Mom & I Beauty Salon & MedSpa,,+234 805 589 1099,"Radisson Blu Anchorage Hotel, 1a Ozumba Mbadiwe Ave, Ozumba Mbadawi Avenue",4.4,114,Unknown,https://www.google.com/maps/place/Mom+%26+I+Beauty+Salon+%26+MedSpa/data=!4m7!3m6!1s0x103b8b40153da7ed:0xbce56d36df0b4fbf!8m2!3d6.4367268!4d3.4172513!16s%2Fg%2F11px825t6s!19sChIJ7ac9FUCLOxARv08L3zZt5bw?authuser=0&hl=en&rclk=1,http://www.momandibeauty.com/,Google Maps
"Hair By Nubian - Hair Salon | Manicure & Pedicure | Makeup Artist | Ikeja, Lagos",,+234 810 979 6852,"Distinct Plaza, Kudirat Abiola Way",4.9,46,Unknown,"https://www.google.com/maps/place/Hair+By+Nubian+-+Hair+Salon+%7C+Manicure+%26+Pedicure+%7C+Makeup+Artist+%7C+Ikeja,+Lagos/data=!4m7!3m6!1s0x103b93f23edeb3a5:0xc3e188590338ac81!8m2!3d6.6016688!4d3.3631923!16s%2Fg%2F11v5fd3wdl!19sChIJpbPePvKTOxARgaw4A1mI4cM?authuser=0&hl=en&rclk=1",https://hairbynubian.com/,Google Maps
Hello Texture Beauty Bar,,+234 903 029 0156,9a Bashorun R.I. Okusanya Ave,4.6,49,Unknown,https://www.google.com/maps/place/Hello+Texture+Beauty+Bar/data=!4m7!3m6!1s0x103bf59babc3eebd:0xc62f5963ddf0da2f!8m2!3d6.4485856!4d3.4725533!16s%2Fg%2F11y4t95qhr!19sChIJve7Dq5v1OxARL9rw3WNZL8Y?authuser=0&hl=en&rclk=1,https://www.hellotexturehair.com/,Google Maps
Omera Unisex Salon,,+234 916 335 3000,126 Bunmi-Olowude St,5.0,254,Unknown,https://www.google.com/maps/place/Omera+Unisex+Salon/data=!4m7!3m6!1s0x103bf50079828943:0xd0ce3cad4cd0e6ac!8m2!3d6.429048!4d3.466895!16s%2Fg%2F11y5nq2kc_!19sChIJQ4mCeQD1OxARrObQTK08ztA?authuser=0&hl=en&rclk=1,https://www.fresha.com/book-now/omera-unisex-salon-s8reh7d2/all-offer?share=true&pId=1396964,Google Maps
Tol Beauty Bar Unisex Salon,,+234 905 323 4705,"Tol Beauty Bar Unisex Saloon E-mart Mall, Oba Akinloye Dr",4.8,10,Unknown,https://www.google.com/maps/place/Tol+Beauty+Bar+Unisex+Salon/data=!4m7!3m6!1s0x103bf7b33262b661:0x2d09d0811fbb879b!8m2!3d6.4395894!4d3.5427392!16s%2Fg%2F11lp1yt64z!19sChIJYbZiMrP3OxARm4e7H4HQCS0?authuser=0&hl=en&rclk=1,https://tolbeautybar.com/,Google Maps
SHE BEAUTY STUDIO,,+234 707 636 1197,163 Ogudu Rd,4.9,56,Unknown,https://www.google.com/maps/place/SHE+BEAUTY+STUDIO/data=!4m7!3m6!1s0x103b93cfaa70c9a5:0xd76cf76d141eb7ae!8m2!3d6.5747701!4d3.3934491!16s%2Fg%2F11yn3ymyxr!19sChIJpclwqs-TOxARrrceFG33bNc?authuser=0&hl=en&rclk=1,https://she.clients.site/,Google Maps
Mobeautybar Salon,,+234 903 358 6959,"24 Kayode Otitoju St, off Admiralty Road",4.7,50,Unknown,https://www.google.com/maps/place/Mobeautybar+Salon/data=!4m7!3m6!1s0x103bf58caaa6550b:0x149f2ae7a11e5389!8m2!3d6.4507871!4d3.4735827!16s%2Fg%2F11kk07pqjz!19sChIJC1Wmqoz1OxARiVMeoecqnxQ?authuser=0&hl=en&rclk=1,https://mobeautybar.com/,Google Maps
Kinky Apothecary,,+234 817 694 5728,"First Floor, Left Wing, Plot 13 Admiralty Wy",4.7,51,Unknown,https://www.google.com/maps/place/Kinky+Apothecary/data=!4m7!3m6!1s0x103bf4f84e86e5c5:0x3dd04f5ecc0df9f!8m2!3d6.4475607!4d3.4670581!16s%2Fg%2F11gfm353n0!19sChIJxeWGTvj0OxARn9_A7PUE3QM?authuser=0&hl=en&rclk=1,http://kinkyapothecary.com/,Google Maps
Eniola Beauty Salon,,+234 915 930 9946,49a Adebayo Doherty Rd,4.7,99,Unknown,https://www.google.com/maps/place/Eniola+Beauty+Salon/data=!4m7!3m6!1s0x103bf586d7668ff9:0x6d37605014145344!8m2!3d6.4392128!4d3.4642639!16s%2Fg%2F11rk4f_cb0!19sChIJ-Y9m14b1OxARRFMUFFBgN20?authuser=0&hl=en&rclk=1,https://eniolabeautysalon.com.ng/,Google Maps
Eden Salon,,+234 909 532 6486,"Km 18, Lekki Lekki - Epe Express Road",4.5,154,Unknown,https://www.google.com/maps/place/Eden+Salon/data=!4m7!3m6!1s0x103bf67d4080029d:0x58be801b0173cb57!8m2!3d6.4388863!4d3.5195618!16s%2Fg%2F1q5blf1zn!19sChIJnQKAQH32OxARV8tzARuAvlg?authuser=0&hl=en&rclk=1,http://www.vanette.com.ng/about-us/,Google Maps
Kisses by KLS Natural,,+234 901 122 8844,42 Adeniji St,4.4,74,Unknown,https://www.google.com/maps/place/Kisses+by+KLS+Natural/data=!4m7!3m6!1s0x103b916a234d047f:0x802262a9cfc8916f!8m2!3d6.6312214!4d3.347408!16s%2Fg%2F11fr6_ndqm!19sChIJfwRNI2qROxARb5HIz6liIoA?authuser=0&hl=en&rclk=1,https://klsnaturals.com/,Google Maps
Bloom Hair Atelier,,+234 913 444 5179,15 Glover Rd,4.4,85,Unknown,https://www.google.com/maps/place/Bloom+Hair+Atelier/data=!4m7!3m6!1s0x103bf4c8b3098ea1:0xd7743665b1b9ad88!8m2!3d6.4551809!4d3.4288637!16s%2Fg%2F11sn_5pjz6!19sChIJoY4Js8j0OxARiK25sWU2dNc?authuser=0&hl=en&rclk=1,http://bloomhairatelier.com/,Google Maps
MommaDaughters Natural Hair Salon,,+234 812 189 9472,"Plot 309 5th Ave Rd, opposite Okiki House",4.7,47,Unknown,https://www.google.com/maps/place/MommaDaughters+Natural+Hair+Salon/data=!4m7!3m6!1s0x103b91911ba39dfd:0xa922d58e894dec58!8m2!3d6.6007654!4d3.2833901!16s%2Fg%2F11h1pfs_1g!19sChIJ_Z2jG5GROxARWOxNiY7VIqk?authuser=0&hl=en&rclk=1,http://mommadaughters.com/,Google Maps
Simply Chic Beauty Salon,,+234 708 935 8805,"Biporal Shopping Arcade, 3rd Oval (By The Playground Ikoyi",4.0,41,Unknown,https://www.google.com/maps/place/Simply+Chic+Beauty+Salon/data=!4m7!3m6!1s0x103bf5623d5d1095:0xf5e4525312634421!8m2!3d6.465866!4d3.4530801!16s%2Fg%2F11fml267c1!19sChIJlRBdPWL1OxARIURjElNS5PU?authuser=0&hl=en&rclk=1,https://simplychicng.com/contact/,Google Maps
Hair by Treapotter | Lekki Beauty Salon | Dreadlocks Piercings & Wig shop,,+234 901 973 9663,"Beer Barn, 32a Admiralty Wy",5.0,86,Unknown,https://www.google.com/maps/place/Hair+by+Treapotter+%7C+Lekki+Beauty+Salon+%7C+Dreadlocks+Piercings+%26+Wig+shop/data=!4m7!3m6!1s0x103bf5e11c8e76a7:0x2ebf379f71f4c1ea!8m2!3d6.4481089!4d3.4770185!16s%2Fg%2F11m5y1xsbj!19sChIJp3aOHOH1OxAR6sH0cZ83vy4?authuser=0&hl=en&rclk=1,http://treapotter.com.ng/,Google Maps
The Hair Center Salon,,+234 813 818 3562,41b Iwaya Rd,4.1,96,Unknown,https://www.google.com/maps/place/The+Hair+Center+Salon/data=!4m7!3m6!1s0x103b8d5602793357:0xf1d95f22dc0f7877!8m2!3d6.5070602!4d3.3876893!16s%2Fg%2F11gw2wzzg4!19sChIJVzN5AlaNOxARd3gP3CJf2fE?authuser=0&hl=en&rclk=1,https://www.fresha.com/book-now/the-hair-center-salon-rxar131f/all-offer?share=true&pId=297450,Google Maps
Locitude Studio,,+234 818 300 1122,"Ste 44, Dolphin Plaza, Corporation Dr",4.6,222,Unknown,https://www.google.com/maps/place/Locitude+Studio/data=!4m7!3m6!1s0x103b8b363e4d74fb:0x3f0f64d8ce357e50!8m2!3d6.4591215!4d3.4131325!16s%2Fg%2F11c61hbvyc!19sChIJ-3RNPjaLOxARUH41zthkDz8?authuser=0&hl=en&rclk=1,http://locitude.com/,Google Maps
TouchedBy02,,+234 706 176 7855,"Alade Market, 29b afolabi aina, off obafemi awolowo, beside Nelson food and lifestyle",5.0,84,Unknown,https://www.google.com/maps/place/TouchedBy02/data=!4m7!3m6!1s0x103b9380dd6dc12b:0x6ba7a5b8105cae05!8m2!3d6.6071436!4d3.3503123!16s%2Fg%2F11whp0bpmk!19sChIJK8Ft3YCTOxARBa5cELilp2s?authuser=0&hl=en&rclk=1,https://touchedby02.vercel.app/,Google Maps
Timi_Hairtertainment | Beauty Salon in Lekki Phase 1,,+234 816 406 9336,"Ste 24, Aaron’s Lekki mall, 12b Olubunmi Owa St",5.0,49,Unknown,https://www.google.com/maps/place/Timi_Hairtertainment+%7C+Beauty+Salon+in+Lekki+Phase+1/data=!4m7!3m6!1s0x103bf55f40940d1f:0x55182c0d02697ce1!8m2!3d6.4456305!4d3.4712559!16s%2Fg%2F11h_66sxt7!19sChIJHw2UQF_1OxAR4XxpAg0sGFU?authuser=0&hl=en&rclk=1,https://timi-hairtertainment.vercel.app/,Google Maps
Natures Gentle Touch | Natural Hair Care Products in Nigeria.,,+234 703 832 1653,"Industrial Estate 3K, 22 Aswani Road, Oduduwa Way",4.7,423,Unknown,https://www.google.com/maps/place/Natures+Gentle+Touch+%7C+Natural+Hair+Care+Products+in+Nigeria./data=!4m7!3m6!1s0x103b8e7698c44143:0xa6c1b6bf63457935!8m2!3d6.5737645!4d3.3578241!16s%2Fg%2F11bw14_l1r!19sChIJQ0HEmHaOOxARNXlFY7-2waY?authuser=0&hl=en&rclk=1,https://naturesgentletouch.com/,Google Maps
Natural Hair Avenue - Flagship Store,,+234 902 324 2808,"2B Adebola Ojomu Street, by Brown junction, opposite Gloryland Int'l College",4.6,142,Unknown,https://www.google.com/maps/place/Natural+Hair+Avenue+-+Flagship+Store/data=!4m7!3m6!1s0x103b8d3d1da93ba3:0x8bd142289f62821e!8m2!3d6.4938847!4d3.342358!16s%2Fg%2F11flbswt7z!19sChIJozupHT2NOxARHoJinyhC0Ys?authuser=0&hl=en&rclk=1,https://naturalhairavenue.com/,Google Maps
Locvilla ikoyi,,+234 705 228 6702,"2 Okotie Rd, off Awolowo Road",5.0,63,Unknown,https://www.google.com/maps/place/Locvilla+ikoyi/data=!4m7!3m6!1s0x103b8b9dc0186f43:0xa143ccfac4068eb2!8m2!3d6.4471436!4d3.4195151!16s%2Fg%2F11t38jw482!19sChIJQ28YwJ2LOxARso4GxPrMQ6E?authuser=0&hl=en&rclk=1,http://book.heygoldie.com/Locvilla,Google Maps
Nefertiti HairPlace,,+234 903 645 6865,7b Dr. S. Ezekuse Cl,4.9,32,Unknown,https://www.google.com/maps/place/Nefertiti+HairPlace/data=!4m7!3m6!1s0x103bf575eb44de1f:0x4b07b261fd3cfa0c!8m2!3d6.4509728!4d3.4722422!16s%2Fg%2F11fqwvlf2k!19sChIJH95E63X1OxARDPo8_WGyB0s?authuser=0&hl=en&rclk=1,https://nefertitihairplace.com/,Google Maps
Kayzplace Barbershop,,+234 909 000 2719,25a Admiralty Wy,4.5,591,Unknown,https://www.google.com/maps/place/Kayzplace+Barbershop/data=!4m7!3m6!1s0x103bf4fdd737aa61:0x41ac4b6831be65f9!8m2!3d6.4480733!4d3.4734871!16s%2Fg%2F11b5qjq5cm!19sChIJYao31_30OxAR-WW-MWhLrEE?authuser=0&hl=en&rclk=1,http://www.kayzplaceworldwide.com/,Google Maps
HairTalksByRay,,+234 706 216 2999,209 Borno Way,4.6,41,Unknown,https://www.google.com/maps/place/HairTalksByRay/data=!4m7!3m6!1s0x103b8dd3abba666b:0xc22b65428fbb30a6!8m2!3d6.4913669!4d3.3798696!16s%2Fg%2F11gxxflh_k!19sChIJa2a6q9ONOxARpjC7j0JlK8I?authuser=0&hl=en&rclk=1,https://hairtalksbyray.com/,Google Maps
Routine salon Lagos,,+234 911 315 9298,39 Onikoyi Rd,4.8,19,Unknown,https://www.google.com/maps/place/Routine+salon+Lagos/data=!4m7!3m6!1s0x103b8d42b0e46873:0xfd737a90d6e0111c!8m2!3d6.4566653!4d3.446423!16s%2Fg%2F11wq8qls4q!19sChIJc2jksEKNOxARHBHg1pB6c_0?authuser=0&hl=en&rclk=1,https://www.routine.ng/,Google Maps
Capelli Salon And Beauty Parlour,,+234 816 440 1313,107 Opebi Rd,4.5,79,Unknown,https://www.google.com/maps/place/Capelli+Salon+And+Beauty+Parlour/data=!4m7!3m6!1s0x103b9269820d7eb3:0x6c5883ab6b5a5adf!8m2!3d6.5844001!4d3.365721!16s%2Fg%2F11b6d9rdns!19sChIJs34NgmmSOxAR31paa6uDWGw?authuser=0&hl=en&rclk=1,http://www.capelliparlour.com/,Google Maps
Braiders Club Braiding Salon,,+234 818 380 7812,42b Fola Osibo Rd,4.5,106,Unknown,https://www.google.com/maps/place/Braiders+Club+Braiding+Salon/data=!4m7!3m6!1s0x103bf51fd81ec427:0xab86b9f61bcf3419!8m2!3d6.442331!4d3.470586!16s%2Fg%2F11ppz888zc!19sChIJJ8Qe2B_1OxARGTTPG_a5hqs?authuser=0&hl=en&rclk=1,http://braidersclub.com/,Google Maps
Bimfem Natural Hair Salon,,+234 703 237 8915,"besides gtbank, 7 Anthony Village Rd",4.2,26,Unknown,https://www.google.com/maps/place/Bimfem+Natural+Hair+Salon/data=!4m7!3m6!1s0x103b91a85e054df1:0xdaba6c58f08c5bd3!8m2!3d6.5590956!4d3.3690228!16s%2Fg%2F11h0v98442!19sChIJ8U0FXqiROxAR01uM8Fhsuto?authuser=0&hl=en&rclk=1,http://www.bimfemplus.com/,Google Maps
MEVOLY Hair & Care Natural Hair Salon,,+234 703 505 3305,"1A Vanni Estate, Dipo Abe street, Ojodu Berger",4.9,54,Unknown,https://www.google.com/maps/place/MEVOLY+Hair+%26+Care+Natural+Hair+Salon/data=!4m7!3m6!1s0x103b936b955c86a9:0xf68b4bfb3a5807ae!8m2!3d6.6475698!4d3.3595069!16s%2Fg%2F11xkvpdz2x!19sChIJqYZclWuTOxARrgdYOvtLi_Y?authuser=0&hl=en&rclk=1,https://www.fresha.com/book-now/mevoly-hair-care-yiu9vfj0/all-offer?share=true&pId=761678,Google Maps
The Braiding Studio by W&G Hair and Beauty salon,,+234 916 985 9898,3b Bankole Cardoso Ave,5.0,4,Unknown,https://www.google.com/maps/place/The+Braiding+Studio+by+W%26G+Hair+and+Beauty+salon/data=!4m7!3m6!1s0x103bf4c23d081a3d:0x9af3144aed7f0b30!8m2!3d6.4536823!4d3.4389532!16s%2Fg%2F11f12_80b1!19sChIJPRoIPcL0OxARMAt_7UoU85o?authuser=0&hl=en&rclk=1,https://www.fresha.com/a/the-braiding-studio-by-w-g-lagos-3b-bankole-cardoso-avenue-off-glover-le207o61/all-offer?menu=true&pId=699715,Google Maps
Tresses Lagos,,+234 818 682 4547,67 Kofo Abayomi St,4.3,35,Unknown,https://www.google.com/maps/place/Tresses+Lagos/data=!4m7!3m6!1s0x103bf5259107586f:0x8451c9bf00ef665b!8m2!3d6.4322322!4d3.4211858!16s%2Fg%2F11bxflbmll!19sChIJb1gHkSX1OxARW2bvAL_JUYQ?authuser=0&hl=en&rclk=1,http://tresseslagos.com/,Google Maps
ohenhe la locs ( Dreadlocks in Lagos Nigeria Locs),,+234 904 594 8284,"Salvation Bus Stop, 106 Awuse Estate, Ajanaku St",4.7,126,Unknown,https://www.google.com/maps/place/ohenhe+la+locs+%28+Dreadlocks+in+Lagos+Nigeria+Locs%29/data=!4m7!3m6!1s0x103b9323161c40c9:0xec3b5ec8a14fa30f!8m2!3d6.586458!4d3.365305!16s%2Fg%2F11fk81j3rx!19sChIJyUAcFiOTOxARD6NPocheO-w?authuser=0&hl=en&rclk=1,http://www.ohenhelalocs.com/,Google Maps
Yanna Studio,,+234 816 991 1155,1B Adeyemi Lawson St,4.4,70,Unknown,https://www.google.com/maps/place/Yanna+Studio/data=!4m7!3m6!1s0x103bf4e694460c4b:0x45b0349efbc2ddc5!8m2!3d6.4457412!4d3.4437138!16s%2Fg%2F11f3sfqd6v!19sChIJSwxGlOb0OxARxd3C-540sEU?authuser=0&hl=en&rclk=1,https://yanna-studios.euotels.com/,Google Maps
LocsByVee - Premier Locs & Dreadlocks Studio | Lagos Nigeria,,+234 903 086 1032,15 Osho St,5.0,24,Unknown,https://www.google.com/maps/place/LocsByVee+-+Premier+Locs+%26+Dreadlocks+Studio+%7C+Lagos+Nigeria/data=!4m7!3m6!1s0x103bed63d0e00af7:0x92a05412192da660!8m2!3d6.5355701!4d3.3816732!16s%2Fg%2F11x88m5y4s!19sChIJ9wrg0GPtOxARYKYtGRJUoJI?authuser=0&hl=en&rclk=1,http://www.locsbyvee.com/,Google Maps
CITILUXE BEAUTY LOUNGE,,+234 704 507 5796,7A Asa-Afariogun St,4.1,28,Unknown,https://www.google.com/maps/place/CITILUXE+BEAUTY+LOUNGE/data=!4m7!3m6!1s0x103b8f3f293b8f49:0x9e11a01ef6b6b146!8m2!3d6.546565!4d3.3300529!16s%2Fg%2F11rsdkrrmc!19sChIJSY87KT-POxARRrG29h6gEZ4?authuser=0&hl=en&rclk=1,https://amsbeautylounge.clients.site/,Google Maps
Hairitage Hub,,+234 908 247 4331,"The Lennox Mall, 3rd, Admiralty Wy",4.7,91,Unknown,https://www.google.com/maps/place/Hairitage+Hub/data=!4m7!3m6!1s0x103bf5328edfe5bd:0x31fa0feb562b6053!8m2!3d6.4391095!4d3.455509!16s%2Fg%2F11frnn3yms!19sChIJveXfjjL1OxARU2ArVusP-jE?authuser=0&hl=en&rclk=1,https://hairitagehub.com/,Google Maps
Funkysignature,,+234 808 397 9858,"88, Ifelodun Street, Orisunbare Rd",4.2,48,Unknown,https://www.google.com/maps/place/Funkysignature/data=!4m7!3m6!1s0x103b8ff924746307:0x681d7a9043ce03cc!8m2!3d6.5655236!4d3.3009301!16s%2Fg%2F11hzqh15bb!19sChIJB2N0JPmPOxARzAPOQ5B6HWg?authuser=0&hl=en&rclk=1,https://funkysignature.com/,Google Maps
She is Shea Essentials,,+234 913 002 8980,"Bolien Mall, Ayinde Akinmade St",4.9,112,Unknown,https://www.google.com/maps/place/She+is+Shea+Essentials/data=!4m7!3m6!1s0x103bf5d619de0dfd:0xcd5032dd2ad21965!8m2!3d6.445219!4d3.4810269!16s%2Fg%2F11l6rtfnz8!19sChIJ_Q3eGdb1OxARZRnSKt0yUM0?authuser=0&hl=en&rclk=1,https://sheisheaessentials.com/,Google Maps
Curlla Luxury Salon,,+234 814 255 9444,17b Wole Ariyo St,4.3,26,Unknown,https://www.google.com/maps/place/Curlla+Luxury+Salon/data=!4m7!3m6!1s0x103b96ba5ac71f7f:0xb94d052b81473f24!8m2!3d6.4437857!4d3.4590544!16s%2Fg%2F11f50sj5t8!19sChIJfx_HWrqWOxARJD9HgSsFTbk?authuser=0&hl=en&rclk=1,https://www.curlla.com/,Google Maps
SanctuaryByWh,,+234 808 845 2485,1436 Sanusi Fafunwa St,4.4,68,Unknown,https://www.google.com/maps/place/SanctuaryByWh/data=!4m7!3m6!1s0x103bf5ea4b891a35:0xade5538121ca87b6!8m2!3d6.4312755!4d3.426397!16s%2Fg%2F11gh5tcq4y!19sChIJNRqJS-r1OxARtofKIYFT5a0?authuser=0&hl=en&rclk=1,https://sanctuarybywh.com/contacts/,Google Maps
FRH - Flourish Roots Hair.Co,,+234 816 167 2820,"Shop 303, Destiny Plaza, Ago Palace Way",4.9,11,Unknown,https://www.google.com/maps/place/FRH+-+Flourish+Roots+Hair.Co/data=!4m7!3m6!1s0x103b8f536ed8458d:0xb4d2bc00cae0b34a!8m2!3d6.503454!4d3.3064206!16s%2Fg%2F11j_zxpzsb!19sChIJjUXYblOPOxARSrPgygC80rQ?authuser=0&hl=en&rclk=1,https://flourishrootshair.com/,Google Maps
Annish Unisex Salon & Spa Abuja,,+234 803 384 5944,"26 Buchanan Crescent, 26 Buchanan Cres, Aminu Kano Cres",4.8,334,Unknown,https://www.google.com/maps/place/Annish+Unisex+Salon+%26+Spa+Abuja/data=!4m7!3m6!1s0x104e0b4e41b26c35:0xdaf8de544a36252c!8m2!3d9.0852716!4d7.4713228!16s%2Fg%2F11p13qxprt!19sChIJNWyyQU4LThARLCU2SlTe-No?authuser=0&hl=en&rclk=1,https://annishsalonspa.com.ng/,Google Maps
Salonmyculture Beauty Salon & Spa,,+234 803 899 9827,"4 Morija Cl, off Adetokunbo Ademola Crescent, behind OTI Carpets",4.7,117,Unknown,https://www.google.com/maps/place/Salonmyculture+Beauty+Salon+%26+Spa/data=!4m7!3m6!1s0x104e0b75aa74a8ad:0x4e87e3d7bb8c440f!8m2!3d9.0784574!4d7.4809698!16s%2Fg%2F11fk42_djr!19sChIJrah0qnULThARD0SMu9fjh04?authuser=0&hl=en&rclk=1,https://salonmyculture.online/,Google Maps
Hairvolution natural hair salon,,+234 708 870 0052,"Plot 1095 Umar Shuaibu Ave, opposite Thuja ville (NNPC) estate Wuye",4.4,114,Unknown,https://www.google.com/maps/place/Hairvolution+natural+hair+salon/data=!4m7!3m6!1s0x104e0bca77396dbd:0x1c73d073cc5b6eac!8m2!3d9.0569459!4d7.4485609!16s%2Fg%2F11j4sd79_1!19sChIJvW05d8oLThARrG5bzHPQcxw?authuser=0&hl=en&rclk=1,https://hairvolutionnaturals.wordpress.com/about/,Google Maps
Bold and Beautiful Salon/Spa,,+234 209 290 5223,"by Nitel Junction, Israel Plaza, Plot 1077 Adetokunbo Ademola Cres, opposite Kokkies Mall",4.1,463,Unknown,https://www.google.com/maps/place/Bold+and+Beautiful+Salon%2FSpa/data=!4m7!3m6!1s0x104e0a55024a9121:0x597ff979384cc9cb!8m2!3d9.070967!4d7.4882765!16s%2Fg%2F1tf91jh0!19sChIJIZFKAlUKThARy8lMOHn5f1k?authuser=0&hl=en&rclk=1,https://boldandbeautifulsalon.com/,Google Maps
Ji Emporium Salon And Spa,,+234 916 292 4979,"5, shop 32 Novare central Wuse zone",4.9,134,Unknown,https://www.google.com/maps/place/Ji+Emporium+Salon+And+Spa/data=!4m7!3m6!1s0x104e0bf8a99e6f53:0xc8333693f9d3ca57!8m2!3d9.0646802!4d7.4581923!16s%2Fg%2F11t29lzc5y!19sChIJU2-eqfgLThARV8rT-ZM2M8g?authuser=0&hl=en&rclk=1,https://jiemporium.com/,Google Maps
Abuja hair braids,,+234 810 488 5569,5 lobito crescent wuse 2 Wuse 2,5.0,230,Unknown,https://www.google.com/maps/place/Abuja+hair+braids/data=!4m7!3m6!1s0x104e0b440f486e9d:0xb56c7a196393547a!8m2!3d9.071651!4d7.4901952!16s%2Fg%2F11vwhppb3z!19sChIJnW5ID0QLThARelSTYxl6bLU?authuser=0&hl=en&rclk=1,http://www.mide.live/,Google Maps
PHI NATURAL HAIR SALON,,+234 911 513 2218,"PHI Natural Saloon, 2 Birnin Kebbi Crescent Garki, Abuja 900103",4.9,35,Unknown,https://www.google.com/maps/place/PHI+NATURAL+HAIR+SALON/data=!4m7!3m6!1s0x104e0b8aa1458109:0xf88c0d560dd3ed3a!8m2!3d9.0255406!4d7.485318!16s%2Fg%2F11khf3vm9d!19sChIJCYFFoYoLThAROu3TDVYNjPg?authuser=0&hl=en&rclk=1,https://sites.google.com/view/phi-natural-hair-salon,Google Maps
Luxor Salon and Spa Abuja,,+234 701 888 0100,792b Adetokunbo Ademola Cres,4.3,361,Unknown,https://www.google.com/maps/place/Luxor+Salon+and+Spa+Abuja/data=!4m7!3m6!1s0x104e0a525339de31:0x627de5c6971dfe33!8m2!3d9.0723717!4d7.4889357!16s%2Fg%2F11c2y7qndx!19sChIJMd45U1IKThARM_4dl8blfWI?authuser=0&hl=en&rclk=1,https://www.luxorsalonandspa.com/,Google Maps
Hairby2kay_ Abuja beauty salon,,+234 703 700 3310,63 Adetokunbo Ademola Cres,5.0,67,Unknown,https://www.google.com/maps/place/Hairby2kay_+Abuja+beauty+salon/data=!4m7!3m6!1s0x104e0b47f3b44343:0x630c3d0daf7c4b9d!8m2!3d9.0708285!4d7.4832467!16s%2Fg%2F11q858c1nt!19sChIJQ0O080cLThARnUt8rw09DGM?authuser=0&hl=en&rclk=1,https://eclectic-cuchufli-61378c.netlify.app/,Google Maps
